Name,Age
Jordan Bernard,36
Gray Edith,47
Alvarado Melvin,34
Greene Rhoda,60
Martin Matilda,29
Montgomery Aaron,22
Medina Frank,25
Morgan Pearl,22
Daniel Ada,48
Lewis Owen,64
Figueroa Curtis,35
Pope Garrett,38
Knight Mayme,60
Norton Mittie,58
Daniel Celia,20
Martin Lela,59
Owens Charlotte,61
Jackson Ollie,42
Moss Ricky,46
Harmon Chase,64
Castillo Sally,43
Henderson Cory,40
Stevens Antonio,23
Sullivan Bradley,38
Mendez Louisa,45
May Nettie,58
Lopez Jeffrey,32
Erickson Lela,57
Ross Cecilia,20
Graves Sophia,59
Porter Dustin,54
Mathis Nicholas,23
Padilla Ethan,61
Freeman Trevor,27
Lyons Allen,22
Pope Lettie,34
George Ida,35
Marsh Eleanor,44
Moss Carolyn,56
Perkins Aiden,54
Pope Anne,23
Park Ian,52
Patterson Ronald,44
Duncan Victoria,24
Houston Walter,32
Pena Charlotte,54
Hale Mae,51
Schmidt Linnie,21
Jensen James,20
Hubbard Benjamin,64
Tucker Eugene,45
Larson Lulu,28
Byrd Emma,28
Hanson Ivan,64
Nunez Arthur,34
Stokes Fred,61
Ballard Jorge,28
Hunter Erik,32
Sims Terry,59
Arnold Bettie,18
Black Nathaniel,25
Carter Tony,27
Brock Lucile,27
Allen Austin,34
Watts Christopher,27
Bowers May,25
Schmidt Etta,30
Hale Antonio,41
Lane Pauline,59
Rogers Mario,47
Long Florence,36
Kelly Antonio,38
Estrada Agnes,48
Duncan Clarence,43
Perez Gilbert,43
Thompson Carolyn,20
Brewer Mina,55
Poole Marcus,62
Wilkins Ruth,21
Campbell Todd,18
Rogers Chester,21
Powers Emilie,56
Wood Robert,32
Gonzales Norman,46
Thompson Warren,18
Roy Belle,35
Lopez Randy,48
Todd Cecilia,19
Franklin Anthony,39
Zimmerman Madge,46
Grant Louis,34
Willis Lucinda,21
Munoz Pearl,54
Wilkins Mason,42
Goodman Estelle,41
Munoz Lawrence,40
Walsh Julia,48
Walsh Ray,45
Hoffman Walter,60
Lambert Maria,45
Todd Ida,53
Baker Pauline,58
Sharp Rose,20
Lucas James,58
Summers Blanche,57
Fields Lela,26
Jenkins Betty,54
Alvarez Bessie,34
Griffin Alexander,65
Chavez Eric,31
Rice Gary,21
Wright Jesus,55
Nash Alejandro,59
Floyd Thomas,22
Hale Rosetta,25
Quinn Ernest,19
Frazier Lloyd,24
Maxwell Nettie,41
Gill Mae,46
Rose Franklin,61
Willis Abbie,50
Maxwell Hulda,59
Moody Beatrice,56
Terry Millie,47
Guzman Loretta,33
Morrison Edna,56
Schneider Andrew,38
Stokes Mittie,18
Wilson Josephine,43
Park Carlos,35
Massey Sylvia,61
Stevens Tommy,60
Elliott Myrtie,59
Fowler Hettie,36
Mullins Kyle,51
Lucas Bernard,48
Buchanan Todd,25
Santos Danny,39
Bryant Marcus,30
Byrd Nannie,59
Young Josephine,29
Fowler May,64
Wheeler Evelyn,21
Hudson Joseph,28
Quinn Raymond,35
Riley Mollie,65
Thomas Mayme,57
McKinney Mario,20
Floyd Corey,42
Price Louis,39
Green Callie,39
Pope Betty,36
Sanders Manuel,57
McKinney Jeremiah,56
Hardy Louise,48
Holloway Sallie,20
Watts Jackson,58
Robinson Michael,58
Parks Johanna,22
Hunt Lela,58
Davis Alan,18
Cunningham Ray,23
Valdez Daniel,25
Long Bernard,34
Hoffman James,64
Reyes Abbie,22
Vaughn Belle,18
Casey Ivan,47
Steele Carlos,48
Alvarez Bruce,60
Carter Mason,53
Vasquez Dustin,37
Munoz Ricardo,18
Drake Ricardo,25
Rios Amy,24
Olson Eunice,58
Brewer Lettie,58
Freeman Tyler,22
Park Vera,28
Daniel Evan,47
Brooks Cecilia,48
Lee Seth,25
Aguilar Terry,65
Walton Jayden,21
Collins Hattie,46
Marsh Ophelia,31
Santiago Eric,30
Griffin Chad,63
Hayes Jonathan,33
Andrews Lucy,33
Ferguson Josie,28
Bowman Randall,46
Pena Dylan,58
Olson Gene,56
Montgomery Iva,57
Robbins Hallie,30
Perkins Bryan,25
Becker Marie,19
Duncan Ollie,45
Harper Alvin,65
Chambers Hettie,52
Alexander Leon,42
Marshall Willie,59
Hayes Anne,20
Graham Janie,19
Wallace Lulu,23
Barnett Marvin,34
Willis Travis,34
Keller Flora,23
Reyes Cory,37
Jones Derek,31
Wilson Grace,40
Norton Bertha,18
Doyle Inez,20
Patton Mabel,57
Barton Estella,46
Love Dylan,65
Wade Jerome,27
Edwards Harold,46
Atkins Gene,37
Hodges Floyd,63
Holt Lee,36
Kelly Hilda,61
Greene Nancy,44
Reyes Danny,41
Abbott Delia,62
Tran Effie,43
Dunn Clayton,41
Steele Steve,21
Tran Kathryn,42
Lopez Minerva,25
Neal Theodore,42
Nash Maude,47
Meyer Johanna,28
McCormick Don,21
Alexander Derrick,46
Fletcher Julia,38
Hale Jose,57
Yates Johnny,20
McKenzie Timothy,19
Clarke Joe,26
Ortega Todd,58
Lopez Katharine,65
Robinson Kathryn,54
Cox Shawn,25
Yates Douglas,35
Carpenter Carrie,24
McGuire Celia,21
Weber Harvey,63
Maxwell Barbara,35
Maxwell Floyd,36
Evans Sophie,58
Soto Ophelia,27
Lloyd Harry,44
Munoz Wayne,56
Cox Dennis,30
Day Hattie,26
Reid Marc,62
Erickson Mayme,41
Mendez Rachel,23
Little Chris,48
Larson Iva,52
Wallace Aiden,30
McGee Isabelle,18
Hampton Alvin,44
Willis Francisco,56
Lynch Jerome,61
Kim Jared,30
Fisher Gordon,30
Day Blanche,30
Gill Edwin,22
Lloyd Luis,29
Poole Philip,58
Tate Gavin,48
Robinson Darrell,52
Reese Bobby,38
Erickson Jeffery,30
Young Mattie,39
Holland Glenn,58
Walker Claudia,53
Duncan Gerald,62
Carroll Millie,35
Page Ivan,42
Silva Charlotte,46
Pena David,32
Underwood Justin,23
Garrett Willie,42
Erickson Fanny,56
Parker Lora,47
McDaniel Celia,47
Stephens Devin,37
Davidson Hannah,55
Alvarado Timothy,27
Craig Noah,39
Sandoval Sophia,35
Klein Alexander,23
Chandler Lulu,48
Edwards Maggie,38
Mason Lottie,32
Castillo Kenneth,20
King Gavin,62
Wolfe Maria,45
Lynch Agnes,52
Alvarez Harvey,57
Fowler Max,56
Conner Franklin,19
Miles Winifred,32
Smith Mitchell,54
Ramirez Philip,46
Chavez Katie,58
Wright Owen,23
Holland Kate,25
Wong Miguel,27
Reyes Marc,25
McGee Isabelle,48
Woods Bessie,47
Kennedy Todd,44
Ryan Curtis,58
Ingram Barbara,55
Page Victoria,30
Diaz Anne,57
Spencer Lucinda,24
Howard Florence,37
Ball Nelle,43
Bell Leila,58
Phillips Helen,61
Phelps Lida,43
Roberts Clayton,52
Cohen John,28
Jefferson Charlie,46
Cunningham Sallie,56
Mann Matthew,24
Burton Luella,62
Henry Teresa,23
Schwartz Ollie,34
Paul Cynthia,50
Morgan Kyle,24
Thornton Erik,40
Lamb Lillian,52
Webb Lou,43
Meyer Edgar,63
Guerrero Mason,25
Stevenson Maude,39
Jimenez Jordan,42
West David,26
Bailey Cameron,18
James Loretta,18
Stevenson Aiden,32
Mitchell Derrick,52
Burke Micheal,38
Perez Leila,42
Warner Sadie,51
Welch Lela,45
Davis Johanna,28
Wallace Christian,62
Roberson Norman,33
Saunders Darrell,36
Delgado Carl,20
Gross Manuel,20
Frazier Lola,34
Knight Genevieve,35
Reid Janie,51
Manning Nancy,45
Gibson Lucinda,41
Vaughn Nina,45
Green Virginia,21
Parker Stephen,40
Strickland Helena,65
Hunt James,59
Erickson Edward,25
Gibbs Linnie,49
Garcia Nathaniel,61
Hawkins Duane,28
Ruiz Nelle,23
King Lulu,62
Owens Lou,47
Wilson Nellie,33
Tran Hettie,35
Peterson Jared,60
Austin Travis,53
Jefferson Allie,28
Reeves Dustin,57
Nash Billy,19
Simon Anthony,25
Watkins Julian,23
Bell Troy,34
Henderson Jayden,32
Glover Clayton,50
Joseph Luke,29
Brewer Shawn,53
Jenkins Noah,61
Osborne May,25
Mann Gerald,33
Palmer Sophia,63
McCarthy Emma,27
Holt Hannah,41
Kelly Sarah,20
Ruiz Mayme,53
Joseph Fannie,44
Harrison Adrian,41
Paul Adeline,29
Bowers Max,50
Armstrong Marie,25
Webster Harriett,51
Ward Abbie,40
Wilkerson Joe,24
Morrison Emilie,38
Howell Emma,61
Fisher Ralph,60
Palmer Birdie,61
Briggs Charlie,22
Duncan Willie,34
Reid Janie,26
Dawson Evelyn,55
Campbell Hunter,59
Bennett Clarence,62
Sandoval Eddie,26
Webb Owen,25
West Jacob,46
Burgess Fred,52
Adams Clyde,29
Reynolds Frederick,53
Reyes Luke,59
Alexander Gregory,54
Austin Eugene,64
Gordon Lee,45
Figueroa Miguel,45
Myers Ricky,18
Butler Adam,32
Jordan Jerome,22
Elliott Birdie,42
Harmon Lula,58
Parker Ronnie,20
Baker Daniel,22
Hines Herman,19
Becker Samuel,62
Newman Randy,20
Farmer Dean,65
McCarthy Eunice,65
Bush Cameron,20
Gonzales Edna,28
Thornton Gerald,52
Ortiz Allen,47
Vasquez Herbert,36
Waters Mabelle,34
Greene Mable,62
Park Cordelia,50
Griffin Birdie,49
Barnes Mollie,48
Peters Herman,24
Rodriquez Esther,56
Reid Julian,56
Obrien Gene,29
Garner Juan,28
Hughes Theodore,40
Abbott Howard,24
Wise Bernice,33
Gill Josephine,63
Pierce Hunter,47
Schneider Celia,24
Ortega Frances,38
Bennett Bryan,53
Simmons Callie,56
Lamb David,50
Reynolds Mayme,25
Nguyen Bess,51
Sanchez Curtis,40
Torres Elsie,18
Lawrence Flora,23
Watson Gilbert,49
Yates Justin,47
Johnston Jason,53
Larson Victoria,64
Hopkins Leon,44
Jackson Eugene,55
Greene Eugenia,54
Barber Minerva,25
Carr Ola,26
Rios George,29
Haynes Nancy,59
Jackson Etta,43
Summers Ann,38
Kennedy Emily,60
Morrison Christine,35
Chapman Mason,48
Schmidt Corey,57
McLaughlin Linnie,50
Stewart Lawrence,38
Padilla Scott,28
Hawkins Lucile,27
Carpenter Adelaide,52
Hansen Hattie,51
Green Ada,62
Holmes Keith,22
Franklin Susan,31
Turner Ophelia,45
Lindsey Thomas,34
Burgess Nell,33
Pena Sarah,33
Hernandez Edward,49
Salazar Lewis,44
Christensen Gavin,63
Watts Adam,29
McGee Lulu,64
Farmer Alan,24
Williams Christian,42
Clarke Jeanette,40
Townsend Johnny,45
Franklin Dustin,40
Cain Alma,54
Willis Adam,57
Lindsey Scott,40
Cox Alma,19
Wood Mabel,61
Figueroa Maria,59
Baldwin Lottie,59
Collins Callie,31
Lyons Lee,61
Kim Jeremiah,30
Stokes Jennie,61
Perkins Amanda,32
Harrison Matthew,57
Webb Albert,41
Johnson Marie,33
Drake Thomas,38
Warren Bryan,31
Wise Andre,64
Norris Lou,30
Schwartz Keith,56
McCoy Joshua,26
Elliott Johnny,56
Phelps Rena,18
Chambers Effie,62
Simpson Isabella,22
Norton Donald,61
Hoffman Wesley,28
Buchanan Jack,20
Frank Carl,24
Logan Ricky,25
Burgess Ethan,53
Walsh Patrick,61
Andrews Caleb,22
Murray Martha,26
Hill Katharine,18
Manning Verna,43
Weaver Allie,56
Byrd Nell,39
Thompson Marion,57
Cox Louis,33
Norman Fannie,22
Warner Daisy,32
Ford Noah,50
Barton Ralph,27
Terry Ora,50
Tucker Mable,24
Harper Benjamin,24
Cobb Franklin,23
Tran Bernard,35
Valdez Harold,58
Guerrero Marc,44
Keller Elmer,29
Carlson Grace,35
Lindsey Nannie,51
Caldwell Joe,62
Chavez Don,65
Brock Carlos,49
Cohen Victor,64
Dunn Mamie,22
Bates Margaret,42
Ryan Paul,62
Cannon Bernice,57
Lee Chase,24
Sanchez Jordan,37
Salazar Ethan,28
Walker Nathaniel,31
Graves Ernest,37
Ramirez Bertie,33
Benson Delia,41
Young Della,21
Simpson Donald,48
Nguyen Paul,48
Park Kenneth,51
Watson Dale,52
Mathis Christina,38
Atkins Daisy,51
Castillo Edna,63
Chambers Jeanette,20
Haynes Sally,38
Osborne Loretta,37
Oliver Lottie,52
Cox Teresa,52
Peterson Harvey,31
Moreno Ina,30
Davidson Timothy,27
Floyd Lewis,36
Maxwell Stanley,41
Love Howard,24
Reid Hunter,33
Carson May,58
Greene Clifford,31
Andrews Susan,48
Guzman Catherine,32
Nguyen Nicholas,57
Potter Polly,49
Fowler Adeline,32
Hawkins Carlos,59
Wheeler Oscar,64
Pena Floyd,40
Boyd Travis,49
Ball Olga,62
Logan Jerry,30
Roberts Henrietta,33
Briggs Mina,31
Watkins Kyle,20
Ortiz Micheal,43
Allison Dustin,54
Daniels Carrie,20
Garner Andre,37
Gibson Bryan,36
Walters Gary,53
Turner Lee,47
Jefferson Ralph,19
Richardson Ola,61
Norton Jeanette,24
Guerrero Ella,53
Riley Tommy,24
McKinney Sara,40
Porter Maggie,41
Montgomery Kate,26
Webster Billy,62
Watts Eleanor,52
Bailey Richard,39
Alvarez Jacob,49
Maxwell Claudia,45
Henderson Helen,39
Gray Lelia,57
Garner Mark,47
Figueroa Andre,43
Cruz Rhoda,35
Yates Danny,47
Mendez Bess,29
Peters Katie,24
Haynes Theodore,52
Glover Myra,60
Cole Keith,30
Rios Franklin,36
Richardson Johnny,31
Ballard Clarence,32
Scott Louis,36
Silva Jay,34
French Mina,54
Kim Lilly,53
Fuller Zachary,53
Hammond Maud,47
Holloway Nina,41
Palmer Dorothy,31
Leonard Carlos,48
Norman Joshua,49
Simon Lida,23
Smith Craig,36
Mann Gene,44
Meyer Nancy,56
Jackson Ada,49
Gordon Olga,21
Walton Clarence,43
Lawson Owen,42
Moss Bobby,31
Hines Alfred,43
Gardner Helena,54
Hunt Katherine,33
Fitzgerald Betty,27
Joseph Kevin,59
Pena Leroy,54
Klein Eddie,43
Parks Virginia,39
Banks Terry,26
Hoffman Violet,56
Bryant Addie,64
Mack Edna,22
Estrada Louis,28
Griffith Steve,47
Crawford Chris,48
Woods Dora,22
Medina Jerry,44
Turner Elnora,40
Rose Scott,28
Chambers Peter,58
Hodges Abbie,18
Bates Jesus,62
Flores Lottie,64
Terry Ann,21
Hale Mason,27
Simmons Leona,19
Santiago Lucas,29
Ross Bess,33
Roy Lora,52
Newman Dale,61
Mitchell Gary,64
Aguilar Myrtie,23
Willis Sam,58
Riley Terry,64
Mills Louisa,25
Simon Jason,41
Hammond Maude,42
Larson Lena,56
Elliott Callie,65
Mendoza Dollie,56
McKinney Brent,19
Swanson Cora,26
Fitzgerald Timothy,18
Soto Nicholas,56
Holloway Mae,53
Torres Katharine,64
Little Antonio,64
Willis Gabriel,22
Barton Juan,54
Yates Bill,48
Roy Alfred,55
Houston Marie,46
Welch Helena,28
Diaz Robert,63
Osborne Noah,60
Yates Francis,28
Herrera Nancy,47
Francis Dennis,26
Vega Celia,53
Sanders Mark,51
Miles Seth,51
Mason Kate,49
Young Catherine,60
Jennings Jennie,24
Phelps Georgie,27
Patterson Eugenia,52
Vargas Dollie,59
Kim Theodore,34
Barrett Victoria,28
Kim Lora,47
Conner Linnie,44
Malone Alice,30
Wilkins Charlotte,27
Duncan Alexander,63
Robinson Louise,59
Boone Nicholas,25
Reeves Delia,54
Stevens Lloyd,23
Abbott Jack,29
Wong Ricky,49
Mills Caroline,36
Hill Marguerite,20
Bryan Jane,28
Bowers Norman,29
McBride Eula,60
Duncan Jean,19
Bailey Clarence,25
Carr Johnny,56
Elliott Teresa,32
Gutierrez Kevin,56
Jennings Minnie,56
Silva Alfred,55
Reese Matilda,24
Murray Ivan,60
Simon Francis,26
Rice Francis,23
Gibbs Harriett,43
Francis Linnie,32
Park Rosetta,63
Lopez Hannah,32
Franklin Linnie,23
Strickland Billy,20
Rice Robert,24
Gutierrez Emilie,51
Gonzales Donald,25
Gordon Alvin,27
Jordan Adam,63
Singleton Adele,32
Dean Roger,47
Cummings Kate,61
Holland Carolyn,19
Nash Keith,29
Craig Bruce,65
Lawrence Dylan,47
Ramsey Ivan,60
Yates George,39
Henry Jesse,50
Summers Blanche,52
Carlson Ruby,60
Vargas Rosalie,27
Hunt Birdie,44
Alvarado Maria,58
Yates Lucile,25
Schneider Maggie,54
Briggs Estella,42
Harris Manuel,20
Murphy Duane,53
Lee Ethel,43
Strickland Louisa,26
McBride Melvin,27
Flores Nannie,64
Pittman Anthony,29
Garza Paul,51
Chambers Walter,30
Lane Gerald,37
Gilbert Nathan,39
Valdez Luis,23
Barnes Gregory,28
Weaver Bill,52
Stevens Theresa,45
Moore Katie,38
Garrett Isabelle,52
Dunn Pauline,26
Rogers Lucile,43
Hardy Allen,60
Clarke Alfred,35
Nguyen Dean,63
Stone Noah,31
Anderson Lucile,33
Cain Roxie,26
Carson Cecilia,60
Hale Emily,43
Lamb Eunice,32
Hampton Inez,37
McGuire Eugene,50
Goodman Rosalie,34
Pearson Nina,52
Houston Catherine,28
Snyder Blake,36
Mathis Manuel,38
Cooper Olivia,54
Spencer Manuel,43
Armstrong Isabella,49
Maldonado Garrett,36
McCoy Russell,30
Cole Timothy,25
Bennett Corey,19
Bass Jane,35
Spencer Anthony,26
Anderson Lester,62
Perez Thomas,26
Miller Francis,18
Leonard Jose,28
Chapman Lilly,63
Roberts Esther,43
Wilson Mabelle,29
Pearson Catherine,21
Hughes Luis,47
Freeman Charlotte,60
Richards Jose,22
Hampton Amy,45
Garza Manuel,30
Estrada Joel,52
Cobb Eugene,45
Barker Ida,21
Bowers Bryan,58
Howard Robert,25
Greer Harry,33
Franklin Justin,36
Dawson Seth,48
Chapman Tom,53
Ortega Teresa,37
Bowen Lou,53
Clark Joshua,63
Gonzalez Frances,60
Palmer Celia,33
Richards Cynthia,60
Bush Hannah,42
Gill Bessie,64
Buchanan Mittie,42
Jenkins Helena,58
Hall Franklin,32
Perkins Ethel,58
Schwartz Terry,36
Anderson Ora,26
Cummings Eunice,26
White Ellen,51
Warren Mark,27
Kennedy Gilbert,61
Lucas Teresa,33
Banks Catherine,18
Edwards Kyle,57
Smith Eugene,59
Gonzalez Blanche,34
Hernandez Mina,29
Lucas Elizabeth,21
Frank Chester,65
Gross Lillie,56
Wheeler Bessie,25
Becker Elva,31
Duncan Marguerite,48
Ward Travis,33
Bennett Carl,19
Rodriquez Florence,60
Blair Lester,62
Sanders Ray,36
Thomas John,44
Cummings Rebecca,28
Dean Mary,30
Robinson Gussie,36
Haynes Mitchell,21
Tucker Samuel,54
Perez Lucas,34
Stevens Eric,38
Bush Alejandro,20
Zimmerman Gene,35
Schultz Martha,33
Vargas Minerva,37
Clarke Clyde,53
Rowe Margaret,33
Castro Lelia,26
Cox Lou,64
Reid Samuel,24
Conner Hester,22
Mack Jonathan,52
Warner Jordan,20
Burton Marvin,35
Austin Bertie,57
Dunn Gilbert,48
McKinney Gordon,36
Estrada Edward,38
Glover Susan,32
Torres Alejandro,57
Howard Juan,25
Keller Loretta,65
Massey Hettie,65
Hubbard Helena,43
Butler Violet,41
Cross Lenora,55
Phillips Julian,35
Todd Katherine,35
Morales Leona,50
Robbins Etta,21
Pena Lola,33
Baldwin Joe,51
Rodriguez Eula,31
Evans Francis,45
Lindsey Brent,62
Woods Anthony,54
Spencer Richard,46
Rhodes Rose,30
Roy Ronald,63
Quinn Brian,20
Hunter Curtis,65
Wells Marcus,35
Benson Hallie,37
Torres Tillie,41
Hale Leah,34
Dunn Timothy,31
Grant Alma,46
Martin Nell,25
Bowman Alberta,38
Ramsey Leo,26
Ray Robert,49
Wagner Betty,36
Parks Robert,41
Shaw Jason,60
Davidson Dustin,25
Gonzalez Jennie,55
Hanson Luella,35
Davis Nettie,25
Martin Josie,57
Nash Jeanette,53
Hogan Cecelia,22
Little Duane,59
Sherman Beatrice,37
Gonzales Ida,52
Stevens Hulda,26
Wright Jeremiah,24
Bush Cynthia,35
Bishop Shawn,51
Weaver Jerry,33
Campbell Josephine,41
Howell Brian,33
Gomez Jerry,52
Casey Jesus,54
Hampton Nathan,61
Gibbs Winifred,21
Mitchell Jason,65
Morales Mittie,59
Terry Della,25
Brock Ora,26
McDaniel Hunter,24
Hayes Joshua,21
Townsend Alan,45
Wade Janie,25
Fowler Etta,51
Miles Abbie,26
Peters Hannah,22
Horton Jacob,24
Simon Louis,44
Santos Myra,32
Ryan Eleanor,46
Alvarado Dominic,63
Silva Mario,27
Garrett Steven,24
Casey Louise,18
Hardy Philip,25
Stephens Terry,61
Andrews Noah,63
Goodman Jeffery,22
Wilkerson Phoebe,29
Lopez Johanna,42
